<?xml version="1.0" encoding="UTF-8"?>
<project-private xmlns="http://www.netbeans.org/ns/project-private/1">
    <editor-bookmarks xmlns="http://www.netbeans.org/ns/editor-bookmarks/2" lastBookmarkId="0"/>
    <open-files xmlns="http://www.netbeans.org/ns/projectui-open-files/2">
        <group>
            <file>file:/Applications/MAMP/htdocs/sunsys/user/viewapart.php</file>
            <file>file:/Applications/MAMP/htdocs/sunsys/user/uprof.php</file>
            <file>file:/Applications/MAMP/htdocs/sunsys/admin/viewallapart.php</file>
            <file>file:/Applications/MAMP/htdocs/sunsys/admin/newapart.php</file>
            <file>file:/Applications/MAMP/htdocs/sunsys/admin/deac_.php</file>
            <file>file:/Applications/MAMP/htdocs/sunsys/admin/cancel.php</file>
            <file>file:/Applications/MAMP/htdocs/sunsys/admin/canceled.php</file>
            <file>file:/Applications/MAMP/htdocs/sunsys/connection/dbconn.php</file>
            <file>file:/Applications/MAMP/htdocs/sunsys/index.php</file>
            <file>file:/Applications/MAMP/htdocs/sunsys/login.php</file>
            <file>file:/Applications/MAMP/htdocs/sunsys/powner/poprof.php</file>
            <file>file:/Applications/MAMP/htdocs/sunsys/register.php</file>
            <file>file:/Applications/MAMP/htdocs/sunsys/admin/viewapart.php</file>
            <file>file:/Applications/MAMP/htdocs/sunsys/user/payment.php</file>
            <file>file:/Applications/MAMP/htdocs/sunsys/user/ubooking.php</file>
            <file>file:/Applications/MAMP/htdocs/sunsys/LICENSE</file>
            <file>file:/Applications/MAMP/htdocs/sunsys/admin/deactivator.php</file>
            <file>file:/Applications/MAMP/htdocs/sunsys/connection/conn.php</file>
            <file>file:/Applications/MAMP/htdocs/sunsys/powner/poproperty.php</file>
            <file>file:/Applications/MAMP/htdocs/sunsys/user/cancel.php</file>
            <file>file:/Applications/MAMP/htdocs/sunsys/admin/activator.php</file>
            <file>file:/Applications/MAMP/htdocs/sunsys/user/index.php</file>
            <file>file:/Applications/MAMP/htdocs/sunsys/admin/ac_.php</file>
            <file>file:/Applications/MAMP/htdocs/sunsys/admin/payment.php</file>
            <file>file:/Applications/MAMP/htdocs/sunsys/admin/del_.php</file>
            <file>file:/Applications/MAMP/htdocs/sunsys/admin/adminprof.php</file>
            <file>file:/Applications/MAMP/htdocs/sunsys/admin/index.php</file>
            <file>file:/Applications/MAMP/htdocs/sunsys/admin/allusers.php</file>
            <file>file:/Applications/MAMP/htdocs/sunsys/admin/booking.php</file>
            <file>file:/Applications/MAMP/htdocs/sunsys/logins.txt</file>
            <file>file:/Applications/MAMP/htdocs/sunsys/powner/ponewapart.php</file>
            <file>file:/Applications/MAMP/htdocs/sunsys/admin/fullypaid.php</file>
            <file>file:/Applications/MAMP/htdocs/sunsys/admin/deleter.php</file>
            <file>file:/Applications/MAMP/htdocs/sunsys/powner/index.php</file>
        </group>
    </open-files>
</project-private>
